{
  "backbone": "ConvNeXt-Tiny",
  "T0": 1.3861122111447353,
  "alpha": 0.5226551056287232,
  "nll_qcts": 0.6038099510299759,
  "T_ts": 1.8083308153126967,
  "nll_ts": 0.603926876389261,
  "deg_val_n": 9936,
  "itb_n": 1320
}