{
  "epoch": 150,
  "train_loss": 0.03077773370920387,
  "val_psnr": 16.491627484560013,
  "val_ssim": 0.7622013409920771,
  "diverged": false,
  "timestamp": "2026-06-17T19:13:52",
  "mode": "trajectory",
  "best_psnr": 16.53544119000435,
  "lr": 0.00022380898717469887,
  "converged": false,
  "dist_to_t1_step16": 0.02868602023954736,
  "dist_from_t0_step16": 0.0037656878657799098,
  "dist_to_t1_step32": 0.025999596167821437,
  "dist_from_t0_step32": 0.0072988667106983485,
  "dist_to_t1_step48": 0.024852341346559115,
  "dist_from_t0_step48": 0.010526534046221059,
  "dist_to_t1_step64": 0.024920922936871648,
  "dist_from_t0_step64": 0.014519372878567083,
  "mono_to_t1_violation_rate": 0.59375,
  "mono_from_t0_violation_rate": 0.0,
  "baseline_psnr_t0_to_t1": 15.408114850521088,
  "final_psnr_to_t1": 16.491627484560013,
  "final_psnr_to_t0": 18.950520142912865,
  "val_psnr_to_t1": 16.491627484560013,
  "traj_eval_steps": [
    16,
    32,
    48,
    64
  ],
  "change_in_roi_frac": 0.48962927479887663,
  "front_expansion_violation_rate": 0.005208333333333333,
  "linear_interp_change_in_roi_frac": 0.718203789727506,
  "linear_interp_final_psnr_to_t1": 100.0,
  "unet_final_psnr_to_t1": 15.396392688155174,
  "laplacian_var_pred": 0.0046677812533744145,
  "laplacian_var_t1": 0.005943694135567057,
  "pass_mapping": true,
  "pass_monotone": false,
  "pass_locality": false,
  "pass_non_degenerate": true,
  "pass_summary": false
}