backbone,T0,alpha,T_ts,raw_ITB-LQ_ece,raw_ITB-LQ_auc,raw_ITB-HQ_ece,raw_ITB-HQ_auc,raw_ITB-Edge_ece,raw_ITB-Edge_auc,raw_ITB-Diverse_ece,raw_ITB-Diverse_auc,raw_rho,raw_qcdi,ts_ITB-LQ_ece,ts_ITB-LQ_auc,ts_ITB-HQ_ece,ts_ITB-HQ_auc,ts_ITB-Edge_ece,ts_ITB-Edge_auc,ts_ITB-Diverse_ece,ts_ITB-Diverse_auc,ts_rho,ts_qcdi,qcts_ITB-LQ_ece,qcts_ITB-LQ_auc,qcts_ITB-HQ_ece,qcts_ITB-HQ_auc,qcts_ITB-Edge_ece,qcts_ITB-Edge_auc,qcts_ITB-Diverse_ece,qcts_ITB-Diverse_auc,qcts_rho,qcts_qcdi
ViT-Tiny,0.5236432494005134,1.4009273926518706,1.3225399096851034,0.058398151397705,0.7180555555555556,0.0357729524374007,0.926118827160494,0.0589539460160515,0.8965650826446281,0.0684763806660969,0.5662497474237219,0.0277056152016846,0.0226251989603042,0.0428044799963633,0.7180555555555556,0.0717194711168607,0.926118827160494,0.0404253154993057,0.8965650826446281,0.0484518214066823,0.5662497474237219,0.0277063108379593,-0.0289149911204973,0.0574568738540013,0.7234722222222223,0.0749304663803842,0.925733024691358,0.0319694555166995,0.8961633379247016,0.0468144046465555,0.5617660133360274,-0.0557834715335865,-0.0174735925263828
ResNet-50,0.5523036473918741,0.2432853550683916,1.3225399096851034,0.0500379129250844,0.6908333333333333,0.0357849513490994,0.9035011574074074,0.0355383105350263,0.8873393021120294,,,-0.3684082338636028,0.0142529615759849,0.0287939943869908,0.6908333333333333,0.0247074271241823,0.9035011574074074,0.0561348072507164,0.8873393021120294,,,-0.3684085699097045,0.0040865672628084,0.0456387817859649,0.6913888888888889,0.0314274978306558,0.9028742283950616,0.0557692526867895,0.8872388659320478,,,-0.3802463593628345,0.0142112839553091
ViT-Tiny (DeiT),0.5236432494005134,1.4009273926518706,1.3225399096851034,0.05839815139770506,0.7180555555555556,0.035772952437400786,0.9261188271604939,0.05895394601605154,0.8965650826446281,,,-0.15963762623451863,0.022625198960304273,0.042804479996363325,0.7180555555555556,0.07171947111686072,0.9261188271604939,0.040425315499305725,0.8965650826446281,,,-0.15963705513007406,-0.028914991120497398,0.05745687385400137,0.7234722222222223,0.07493046638038425,0.925733024691358,0.03196945551669958,0.8961633379247016,,,-0.2657301125025918,-0.017473592526382885
