{
  "backbone": "Swin-Tiny",
  "T0": 0.29192784523549536,
  "alpha": 0.303547642008418,
  "nll_qcts": 0.43098225533005036,
  "T_ts": 1.3225399096851034,
  "nll_ts": 0.440131312536039,
  "deg_val_n": 9936,
  "itb_n": 1320
}