{
  "backbone": "ResNet-50",
  "T0": 0.5523036473918741,
  "alpha": 0.24328535506839166,
  "nll_qcts": 0.4741645984129794,
  "T_ts": 1.3225399096851034,
  "nll_ts": 0.47873008686536156,
  "deg_val_n": 9936,
  "itb_n": 1320
}