{
  "backbone": "ViT-Tiny (DeiT)",
  "T0": 0.5236432494005134,
  "alpha": 1.4009273926518706,
  "nll_qcts": 0.4917247853164626,
  "T_ts": 1.3225399096851034,
  "nll_ts": 0.4900055106407955,
  "deg_val_n": 9936,
  "itb_n": 1320
}