{
  "r": 0.039301881324991544,
  "ci_lower": -0.167379066425264,
  "ci_upper": 0.2584154086876046,
  "n": 96,
  "PASS": false,
  "data_source": "per-image CSV"
}