{
  "ITB-LQ": {
    "n": 300,
    "auc": 0.5859,
    "ece": 0.3158,
    "ece_ci": [
      0.2726,
      0.3607
    ],
    "rho": -0.1557,
    "pval": 0.006895253871488993
  },
  "ITB-HQ": {
    "n": 360,
    "auc": 0.8949,
    "ece": 0.27,
    "ece_ci": [
      0.2237,
      0.3074
    ],
    "rho": -0.0451,
    "pval": 0.3931594753525056
  },
  "ITB-Edge": {
    "n": 660,
    "auc": 0.8421,
    "ece": 0.2871,
    "ece_ci": [
      0.2539,
      0.3152
    ],
    "rho": 0.1022,
    "pval": 0.008582133417220703
  },
  "ITB-Diverse": {
    "n": 1500,
    "auc": 0.465,
    "ece": 0.23,
    "ece_ci": [
      0.2061,
      0.2526
    ],
    "rho": 0.3349,
    "pval": 1.2449949684390686e-40
  },
  "global": {
    "qcdi": 0.0458,
    "rho": 0.0386,
    "pval": 0.04020385570452596
  }
}