HLA,n_pep,DeepImmuno,PredIG,IMPROVE,NeoTImmuML,pTuneos,PRIME,ImmuneApp,deepHLApan,mean_auc
HLA-C*07:01,40,0.6306306306306306,0.4684684684684685,0.4864864864864865,0.8738738738738738,0.6621621621621622,0.7207207207207207,0.6306306306306306,0.6481481481481481,0.6401401401401401
HLA-A*03:01,40,0.5,0.6515151515151516,0.6082251082251082,0.551948051948052,0.5692640692640693,0.3961038961038961,0.5303030303030303,0.4595959595959596,0.5333694083694084
HLA-B*08:01,40,0.6216216216216216,0.5765765765765767,0.4234234234234235,0.8738738738738738,0.7252252252252251,0.5315315315315317,0.49549549549549554,0.5740740740740741,0.6027277277277278
HLA-A*02:01,31,0.5172413793103449,0.6724137931034482,0.6206896551724138,0.7758620689655172,0.8448275862068966,0.13793103448275862,0.8706896551724138,0.4642857142857143,0.6129926108374385
HLA-A*01:01,30,0.580246913580247,0.6296296296296297,0.4444444444444445,0.9012345679012346,0.38888888888888895,0.5308641975308642,0.3703703703703704,0.641025641025641,0.5608380816714149
HLA-B*40:01,22,0.08771929824561403,0.6140350877192982,0.7543859649122807,0.5263157894736843,0.8596491228070176,0.543859649122807,0.5877192982456141,0.37037037037037035,0.5430068226120858
HLA-C*05:01,18,0.4117647058823529,0.8823529411764706,0.0,0.8235294117647058,0.7941176470588236,0.11764705882352941,0.8823529411764706,1.0,0.613970588235294
HLA-B*44:02,18,0.35294117647058826,0.9411764705882353,0.23529411764705882,0.8235294117647058,0.2058823529411765,0.058823529411764705,0.8235294117647058,1.0,0.5551470588235294
HLA-C*06:02,15,0.6923076923076923,0.5384615384615385,0.5769230769230769,0.7692307692307693,0.5384615384615384,0.6153846153846154,0.6153846153846154,0.7692307692307692,0.639423076923077
