epoch,loss,elapsed_s
1,0.23960209511793576,8.8
2,0.025141823979524466,16.7
3,0.018659050347140202,25.3
4,0.016282314721208353,32.2
5,0.015099670694997678,39.8
6,0.014261478758775271,49.6
7,0.013695071967175374,56.9
