arm,seed,Q_before,Q_after,RF,Lf_before,Lf_after,dLf
nca_S8,42,1.0,0.6413695216178894,-0.3586304783821106,1.3752219820412206,1.1590316664559037,-0.21619031558531687
