arm,seed,Q_before,Q_after,RF,Lf_before,Lf_after,dLf
nca_S32,42,1.0,0.6232977509498596,-0.3767022490501404,1.0034151085402727,1.0030095544940942,-0.0004055540461784801
