arm,seed,Q_before,Q_after,RF,Lf_before,Lf_after,dLf
nca_S4,42,1.0,0.6434364914894104,-0.3565635085105896,1.7666937038023396,1.709637954158923,-0.05705574964341653
