{
  "Std TS (Edge-fit)": {
    "ece_lq": 0.08759192363722597,
    "ece_hq": 0.0867716615886363,
    "qcdi": 0.0008202620485896622,
    "rho": -0.05392977658734933,
    "rho_p": 0.16640073408296313,
    "n_lq": 300,
    "n_hq": 360
  },
  "QCTS (val-fit, original)": {
    "ece_lq": 0.07924476487154276,
    "ece_hq": 0.07538175218162037,
    "qcdi": 0.003863012689922396,
    "rho": -0.22592814234853387,
    "rho_p": 4.377717483901455e-09,
    "n_lq": 300,
    "n_hq": 360
  },
  "QCTS (Edge-fit)": {
    "ece_lq": 0.07579509276015081,
    "ece_hq": 0.08042611329227463,
    "qcdi": -0.004631020532123817,
    "rho": 0.01748772857385686,
    "rho_p": 0.6538280690531852,
    "n_lq": 300,
    "n_hq": 360
  },
  "Platt-Quality (Edge-fit)": {
    "ece_lq": 0.04253146166653213,
    "ece_hq": 0.052068335927583725,
    "qcdi": -0.009536874261051598,
    "rho": 0.19511297563310276,
    "rho_p": 4.3796246070285086e-07,
    "n_lq": 300,
    "n_hq": 360
  },
  "Isotonic-Quality (Edge-fit)": {
    "ece_lq": 0.05586468973236103,
    "ece_hq": 0.14956640999307053,
    "qcdi": -0.0937017202607095,
    "rho": 0.6290773292012944,
    "rho_p": 5.200076886715398e-74,
    "n_lq": 300,
    "n_hq": 360
  }
}