{
  "best_params": {
    "T0": 1.1700460177174623,
    "alpha": 0.9554173266933418
  },
  "seed_alphas": [
    0.34,
    0.96,
    0.37
  ],
  "flat_region_edge": {
    "lo": 0.2,
    "hi": 1.35,
    "threshold": 0.002
  },
  "flat_region_full_itb": {
    "lo": 1.35,
    "hi": 1.35,
    "threshold": 0.002
  },
  "nll_at_seed_alphas_edge": {
    "0.34": 0.48950490062747826,
    "0.96": 0.4882889111354781,
    "0.37": 0.4893868600584957
  },
  "nll_min_edge": 0.4882883396364418,
  "nll_min_full_itb": 0.9195064902866926,
  "1d_alpha_sweep_edge": {
    "-0.1": 0.4919177911623914,
    "-0.05": 0.4915805882380692,
    "0.0": 0.491259211512506,
    "0.05": 0.49095383027588496,
    "0.1": 0.4906645976911759,
    "0.15": 0.49039165067427937,
    "0.2": 0.4901351098142067,
    "0.25": 0.4898950793330693,
    "0.3": 0.489671647085474,
    "0.35": 0.48946488459675447,
    "0.4": 0.48927484713930525,
    "0.45": 0.48910157384613073,
    "0.5": 0.48894508786057284,
    "0.55": 0.488805396521047,
    "0.6": 0.4886824915794839,
    "0.65": 0.4885763494520616,
    "0.7": 0.4884869315007019,
    "0.75": 0.48841418434371475,
    "0.8": 0.48835804019388795,
    "0.85": 0.4883184172222497,
    "0.9": 0.4882952199456729,
    "0.95": 0.4882883396364418,
    "1.0": 0.48829765475186987,
    "1.05": 0.48832303138202876,
    "1.1": 0.48836432371364186,
    "1.15": 0.48842137450819223,
    "1.2": 0.4884940155923039,
    "1.25": 0.48858206835847784,
    "1.3": 0.48868534427428784,
    "1.35": 0.48880364539818627
  },
  "2d_grid_edge": {
    "0.50_-0.10": 0.5672171525272819,
    "0.50_0.05": 0.5582508139123563,
    "0.50_0.20": 0.5499031640531906,
    "0.50_0.35": 0.5421765868772982,
    "0.50_0.50": 0.5350683371721695,
    "0.50_0.65": 0.5285709068037135,
    "0.50_0.80": 0.5226724585834572,
    "0.50_0.95": 0.517357310363851,
    "0.50_1.10": 0.5126064517081804,
    "0.50_1.25": 0.5083980760855368,
    "0.75_-0.10": 0.521416464836584,
    "0.75_0.05": 0.517044788188119,
    "0.75_0.20": 0.5130031650800225,
    "0.75_0.35": 0.5092973352268916,
    "0.75_0.50": 0.505929976132877,
    "0.75_0.65": 0.5029008293353773,
    "0.75_0.80": 0.500206879098145,
    "0.75_0.95": 0.4978425745366172,
    "0.75_1.10": 0.49580008530869024,
    "0.75_1.25": 0.49406958070772306,
    "1.00_-0.10": 0.4992862916904477,
    "1.00_0.05": 0.4973363392058018,
    "1.00_0.20": 0.4955824155549565,
    "1.00_0.35": 0.4940289706625946,
    "1.00_0.50": 0.4926786213440155,
    "1.00_0.65": 0.49153219164277967,
    "1.00_0.80": 0.4905887882612577,
    "1.00_0.95": 0.48984590663785904,
    "1.00_1.10": 0.4892995624066586,
    "1.00_1.25": 0.48894444248389984,
    "1.25_-0.10": 0.48988288340981073,
    "1.25_0.05": 0.48926353151485497,
    "1.25_0.20": 0.48877211768538137,
    "1.25_0.35": 0.4884113744351834,
    "1.25_0.50": 0.48818289238088747,
    "1.25_0.65": 0.48808713292960565,
    "1.25_0.80": 0.48812346376574317,
    "1.25_0.95": 0.4882902148733525,
    "1.25_1.10": 0.48858475220543524,
    "1.25_1.25": 0.48900356567580805,
    "1.50_-0.10": 0.4875639776103612,
    "1.50_0.05": 0.487691118587051,
    "1.50_0.20": 0.4879090485960243,
    "1.50_0.35": 0.4882191474720833,
    "1.50_0.50": 0.4886220463699726,
    "1.50_0.65": 0.4891176333472021,
    "1.50_0.80": 0.48970507389832496,
    "1.50_0.95": 0.4903828451927282,
    "1.50_1.10": 0.4911487823249031,
    "1.50_1.25": 0.49200013455531505,
    "1.75_-0.10": 0.48925026072764055,
    "1.75_0.05": 0.48979685952925994,
    "1.75_0.20": 0.4904126648241617,
    "1.75_0.35": 0.49109812106959555,
    "1.75_0.50": 0.49185315409276453,
    "1.75_0.65": 0.4926771762858757,
    "1.75_0.80": 0.493569101863492,
    "1.75_0.95": 0.4945273714089677,
    "1.75_1.10": 0.4955499846295853,
    "1.75_1.25": 0.49663454000279555,
    "2.00_-0.10": 0.4931918746181721,
    "2.00_0.05": 0.4939688469685206,
    "2.00_0.20": 0.49480171828748704,
    "2.00_0.35": 0.4956903238763416,
    "2.00_0.50": 0.49663411957587655,
    "2.00_0.65": 0.49763218833677403,
    "2.00_0.80": 0.49868325379828543,
    "2.00_0.95": 0.4997857003284978,
    "2.00_1.10": 0.5009375987663442,
    "2.00_1.25": 0.5021367369388905,
    "2.25_-0.10": 0.49836520889304226,
    "2.25_0.05": 0.49926076035874956,
    "2.25_0.20": 0.5002035135215296,
    "2.25_0.35": 0.5011929243286078,
    "2.25_0.50": 0.5022281565574195,
    "2.25_0.65": 0.5033080898447283,
    "2.25_0.80": 0.5044313327894463,
    "2.25_0.95": 0.5055962406950626,
    "2.25_1.10": 0.5068009373677274,
    "2.25_1.25": 0.5080433402693517,
    "2.50_-0.10": 0.5041594993153299,
    "2.50_0.05": 0.5051066257620904,
    "2.50_0.20": 0.5060949366937804,
    "2.50_0.35": 0.5071236639089054,
    "2.50_0.50": 0.5081918039174455,
    "2.50_0.65": 0.5092981270324439,
    "2.50_0.80": 0.5104411902851848,
    "2.50_0.95": 0.5116193537903104,
    "2.50_1.10": 0.5128308000796064,
    "2.50_1.25": 0.5140735558408702
  }
}