{
  "A": {
    "baseline_name": "EfficientNet-B3 (Direct)",
    "sex": {
      "M": {
        "label": "sex=M",
        "n": 675,
        "n_pos": 151,
        "ece_15bins": 0.1944903375912509,
        "ece_ci_lo": 0.171892032771493,
        "ece_ci_hi": 0.2308177384074533
      },
      "F": {
        "label": "sex=F",
        "n": 645,
        "n_pos": 113,
        "ece_15bins": 0.1573085347002361,
        "ece_ci_lo": 0.13393480346758654,
        "ece_ci_hi": 0.189386439783847
      }
    },
    "age": {
      "<40": {
        "label": "age=<40",
        "n": 260,
        "n_pos": 34,
        "ece_15bins": 0.1854728145984137,
        "ece_ci_lo": 0.14520818821737502,
        "ece_ci_hi": 0.23059796581567366
      },
      "40-60": {
        "label": "age=40-60",
        "n": 724,
        "n_pos": 86,
        "ece_15bins": 0.18041523599931392,
        "ece_ci_lo": 0.15864467249155018,
        "ece_ci_hi": 0.20883256022394295
      },
      ">60": {
        "label": "age=>60",
        "n": 336,
        "n_pos": 144,
        "ece_15bins": 0.18635703076357202,
        "ece_ci_lo": 0.15637127508135415,
        "ece_ci_hi": 0.24052723938414144
      }
    },
    "sex_ece_gap": 0.037181802891014804,
    "age_ece_gap": 0.0059417947642581015
  },
  "D": {
    "baseline_name": "Std VIB",
    "sex": {
      "M": {
        "label": "sex=M",
        "n": 675,
        "n_pos": 151,
        "ece_15bins": 0.1477471499714173,
        "ece_ci_lo": 0.12048400970832966,
        "ece_ci_hi": 0.18099235050034437
      },
      "F": {
        "label": "sex=F",
        "n": 645,
        "n_pos": 113,
        "ece_15bins": 0.09785734420505088,
        "ece_ci_lo": 0.07400376438177664,
        "ece_ci_hi": 0.13083874286089253
      }
    },
    "age": {
      "<40": {
        "label": "age=<40",
        "n": 260,
        "n_pos": 34,
        "ece_15bins": 0.08897728183163478,
        "ece_ci_lo": 0.0591832724275838,
        "ece_ci_hi": 0.14195070110225624
      },
      "40-60": {
        "label": "age=40-60",
        "n": 724,
        "n_pos": 86,
        "ece_15bins": 0.06674950819775124,
        "ece_ci_lo": 0.04882108013955872,
        "ece_ci_hi": 0.09087857418408676
      },
      ">60": {
        "label": "age=>60",
        "n": 336,
        "n_pos": 144,
        "ece_15bins": 0.31507327444532646,
        "ece_ci_lo": 0.2693252574651048,
        "ece_ci_hi": 0.37321097665931335
      }
    },
    "sex_ece_gap": 0.049889805766366424,
    "age_ece_gap": 0.2483237662475752
  },
  "E": {
    "baseline_name": "Adaptive Prior",
    "sex": {
      "M": {
        "label": "sex=M",
        "n": 675,
        "n_pos": 151,
        "ece_15bins": 0.14832311991774655,
        "ece_ci_lo": 0.12129015468063561,
        "ece_ci_hi": 0.17963420581026004
      },
      "F": {
        "label": "sex=F",
        "n": 645,
        "n_pos": 113,
        "ece_15bins": 0.11198629359462006,
        "ece_ci_lo": 0.086835429441164,
        "ece_ci_hi": 0.14370771009894634
      }
    },
    "age": {
      "<40": {
        "label": "age=<40",
        "n": 260,
        "n_pos": 34,
        "ece_15bins": 0.0990655567040309,
        "ece_ci_lo": 0.06550800910427758,
        "ece_ci_hi": 0.1508910557644693
      },
      "40-60": {
        "label": "age=40-60",
        "n": 724,
        "n_pos": 86,
        "ece_15bins": 0.05897826546267994,
        "ece_ci_lo": 0.04343097044986474,
        "ece_ci_hi": 0.08520644489479272
      },
      ">60": {
        "label": "age=>60",
        "n": 336,
        "n_pos": 144,
        "ece_15bins": 0.3211458159993137,
        "ece_ci_lo": 0.2730090039482873,
        "ece_ci_hi": 0.3752236947679714
      }
    },
    "sex_ece_gap": 0.036336826323126487,
    "age_ece_gap": 0.26216755053663376
  },
  "F": {
    "baseline_name": "Q-VIB Full",
    "sex": {
      "M": {
        "label": "sex=M",
        "n": 675,
        "n_pos": 151,
        "ece_15bins": 0.15074677786996796,
        "ece_ci_lo": 0.1223266917026766,
        "ece_ci_hi": 0.18161273268711567
      },
      "F": {
        "label": "sex=F",
        "n": 645,
        "n_pos": 113,
        "ece_15bins": 0.11251662575365445,
        "ece_ci_lo": 0.08697871468896268,
        "ece_ci_hi": 0.14304001857519386
      }
    },
    "age": {
      "<40": {
        "label": "age=<40",
        "n": 260,
        "n_pos": 34,
        "ece_15bins": 0.10238999043089844,
        "ece_ci_lo": 0.0682990257103498,
        "ece_ci_hi": 0.1538842280391076
      },
      "40-60": {
        "label": "age=40-60",
        "n": 724,
        "n_pos": 86,
        "ece_15bins": 0.058573346714957425,
        "ece_ci_lo": 0.044414207921182565,
        "ece_ci_hi": 0.08481252096035907
      },
      ">60": {
        "label": "age=>60",
        "n": 336,
        "n_pos": 144,
        "ece_15bins": 0.31902143712726516,
        "ece_ci_lo": 0.2687016214307559,
        "ece_ci_hi": 0.3718971036597178
      }
    },
    "sex_ece_gap": 0.038230152116313504,
    "age_ece_gap": 0.26044809041230776
  },
  "G": {
    "baseline_name": "Q-VIB+TokFT",
    "sex": {
      "M": {
        "label": "sex=M",
        "n": 675,
        "n_pos": 151,
        "ece_15bins": 0.3042740916512493,
        "ece_ci_lo": 0.27098950111435693,
        "ece_ci_hi": 0.33843602259569217
      },
      "F": {
        "label": "sex=F",
        "n": 645,
        "n_pos": 113,
        "ece_15bins": 0.2073497257621367,
        "ece_ci_lo": 0.18065840198885824,
        "ece_ci_hi": 0.24627466531049882
      }
    },
    "age": {
      "<40": {
        "label": "age=<40",
        "n": 260,
        "n_pos": 34,
        "ece_15bins": 0.24980178497319758,
        "ece_ci_lo": 0.2081032103872769,
        "ece_ci_hi": 0.31497480495295566
      },
      "40-60": {
        "label": "age=40-60",
        "n": 724,
        "n_pos": 86,
        "ece_15bins": 0.25879504310754414,
        "ece_ci_lo": 0.2300008475646545,
        "ece_ci_hi": 0.29502098540336835
      },
      ">60": {
        "label": "age=>60",
        "n": 336,
        "n_pos": 144,
        "ece_15bins": 0.2493559287021136,
        "ece_ci_lo": 0.20574503245945733,
        "ece_ci_hi": 0.30014388326058644
      }
    },
    "sex_ece_gap": 0.0969243658891126,
    "age_ece_gap": 0.009439114405430549
  },
  "H": {
    "baseline_name": "Focal+LS",
    "sex": {
      "M": {
        "label": "sex=M",
        "n": 675,
        "n_pos": 151,
        "ece_15bins": 0.4896026519492821,
        "ece_ci_lo": 0.46003812914203707,
        "ece_ci_hi": 0.5162941455245018
      },
      "F": {
        "label": "sex=F",
        "n": 645,
        "n_pos": 113,
        "ece_15bins": 0.5100106813186824,
        "ece_ci_lo": 0.4832684223041978,
        "ece_ci_hi": 0.5368118955206501
      }
    },
    "age": {
      "<40": {
        "label": "age=<40",
        "n": 260,
        "n_pos": 34,
        "ece_15bins": 0.5376960027676363,
        "ece_ci_lo": 0.4964658101590781,
        "ece_ci_hi": 0.5751088855816769
      },
      "40-60": {
        "label": "age=40-60",
        "n": 724,
        "n_pos": 86,
        "ece_15bins": 0.573948875728233,
        "ece_ci_lo": 0.5517831293794002,
        "ece_ci_hi": 0.5957062307457075
      },
      ">60": {
        "label": "age=>60",
        "n": 336,
        "n_pos": 144,
        "ece_15bins": 0.3067434430122375,
        "ece_ci_lo": 0.26259922362154436,
        "ece_ci_hi": 0.35739345333671996
      }
    },
    "sex_ece_gap": 0.020408029369400338,
    "age_ece_gap": 0.26720543271599556
  },
  "I": {
    "baseline_name": "MC Dropout",
    "sex": {
      "M": {
        "label": "sex=M",
        "n": 675,
        "n_pos": 151,
        "ece_15bins": 0.5132736905553826,
        "ece_ci_lo": 0.47853790859519335,
        "ece_ci_hi": 0.5470067617041231
      },
      "F": {
        "label": "sex=F",
        "n": 645,
        "n_pos": 113,
        "ece_15bins": 0.46109164739821773,
        "ece_ci_lo": 0.4246669842161296,
        "ece_ci_hi": 0.4972133759305227
      }
    },