{
  "p_mc": {
    "name": "(a) raw MC-marginalised",
    "rho": -0.16324314095791417,
    "p": 2.696275837937908e-18,
    "n": 2820
  },
  "p_det": {
    "name": "(b) raw deterministic-\u03bc",
    "rho": 0.24064068181504272,
    "p": 1.952603947635238e-38,
    "n": 2820
  },
  "p_ts": {
    "name": "(c) deterministic-\u03bc + TS",
    "rho": 0.24063367876383077,
    "p": 1.962527857120369e-38,
    "n": 2820
  },
  "delta_a_b_mc_to_det": 0.40388382277295687,
  "delta_b_c_det_to_ts": -7.003051211956768e-06
}