{
  "T0": 1.658951747834785,
  "alpha": 0.0,
  "alpha_mean": 0.0,
  "alpha_std": 0.0,
  "all_seeds": [
    {
      "seed": 0,
      "T0": 1.658951747834785,
      "alpha": 0.0,
      "nll": 0.23572490741507351
    },
    {
      "seed": 1,
      "T0": 1.6589916254793537,
      "alpha": 0.0,
      "nll": 0.23572490762136328
    },
    {
      "seed": 2,
      "T0": 1.6589543907356996,
      "alpha": 0.0,
      "nll": 0.23572490742588792
    }
  ]
}