{
  "T0": 1.1700460177174623,
  "alpha": 0.9554173266933418,
  "alpha_mean": 0.5556224660511787,
  "alpha_std": 0.28289432262940883,
  "T0_mean": 0.7262541523770519,
  "T0_std": 0.34277601085111936,
  "all_seeds": [
    {
      "seed": 0,
      "T0": 0.6732655185893088,
      "alpha": 0.3428080423874833,
      "nll": 0.21177854191670112
    },
    {
      "seed": 1,
      "T0": 1.1700460177174623,
      "alpha": 0.9554173266933418,
      "nll": 0.15184256146125227
    },
    {
      "seed": 2,
      "T0": 0.33545092082438477,
      "alpha": 0.36864202907271104,
      "nll": 0.2565113126951482
    }
  ]
}