form,ece_lq,ece_hq,qcdi,rho,val_nll
softplus,0.0467301807497154,0.0620072108822754,-0.0152770301325599,-0.2490806731902851,0.1518425614612522
linear,0.0978623975111255,0.1020532350162396,-0.0041908375051141,-0.240181654066035,0.142434655943467
piecewise,0.1005379651412956,0.0716606651885038,0.0288772999527918,-0.0057166226521638,0.1397935659155058
bin10,0.06991151971549725,0.08957599450130238,-0.01966447478580513,0.008788518006764333,0.1378371493278169
dimwise,0.05210310886444347,0.06053956516887102,-0.008436456304427548,-0.1022276212385992,0.13842904064983005
mlp,0.09539031322230153,0.09536509978212519,2.5213440176335977e-05,-0.1566390546315672,0.14165665209293365
