method,T0,alpha,ece_lq,ece_hq,qcdi,rho,val_nll
5-head IQA (ours),0.5118216247002567,0.9504636963259353,0.09665823462007107,0.09817654085348246,-0.0015183062334113845,-0.2661239727346603,0.19592273208543529
BRISQUE,2.223487144070864,0.0,0.09538011060271825,0.09089288962038822,0.004487220982330037,-0.15290609523870857,0.14168167406236207
CLIP-IQA,2.15216342923042,0.08680857972666235,0.09601419293622554,0.09102392885695512,0.004990264079270418,-0.15654204255977047,0.1416778477870885
RF-Stat,2.0475272127268447,0.3405999714685341,0.09892478465327934,0.10058206763174578,-0.0016572829784664428,-0.1831130378723797,0.14165883890972908
LaplacianVar,0.5118216247002567,0.9504636963259353,0.07402679478749098,0.046467166361947344,0.027559628425543638,-0.21592406783884519,0.17561069820877404
