{
  "IQA_qbar": {
    "full_pool": {
      "n": 2820,
      "raw_rho": -0.15290609523870857,
      "raw_p": 3.2323161410432736e-16,
      "raw_ci": [
        -0.18805646809695195,
        -0.11940912841147165
      ],
      "ts_rho": 0.24063367876383077,
      "ts_p": 1.962527857120369e-38,
      "ts_ci": [
        0.2054588416243091,
        0.2738737869435394
      ],
      "sign_flip": true
    },
    "tau_sweep": {
      "0.4": {
        "n": 296,
        "raw_rho": -0.08704053711104097,
        "raw_p": 0.13517495812209698,
        "raw_ci": [
          -0.19849872154372533,
          0.01693048901417887
        ],
        "ts_rho": -0.0691508260050114,
        "ts_p": 0.23558194716892486,
        "ts_ci": [
          -0.1887086395696347,
          0.051356573822019476
        ],
        "sign_flip": false,
        "delta_rho": 0.017889711106029563
      },
      "0.43": {
        "n": 453,
        "raw_rho": -0.0705319990870683,
        "raw_p": 0.13389741275979428,
        "raw_ci": [
          -0.15477955596599746,
          0.019734550337214416
        ],
        "ts_rho": -0.1338558582024362,
        "ts_p": 0.004318026045662202,
        "ts_ci": [
          -0.22147747508666496,
          -0.0438039887859439
        ],
        "sign_flip": false,
        "delta_rho": -0.0633238591153679
      },
      "0.45": {
        "n": 663,
        "raw_rho": -0.014511231756584907,
        "raw_p": 0.7091773436012689,
        "raw_ci": [
          -0.09211286305036646,
          0.061668723788446865
        ],
        "ts_rho": -0.19061679381767369,
        "ts_p": 7.642069711737441e-07,
        "ts_ci": [
          -0.2613384335273034,
          -0.11810354328256815
        ],
        "sign_flip": false,
        "delta_rho": -0.17610556206108877
      },
      "0.48": {
        "n": 920,
        "raw_rho": -0.015997379215931376,
        "raw_p": 0.6279630508259317,
        "raw_ci": [
          -0.07857840480479474,
          0.04778647347007418
        ],
        "ts_rho": -0.0989221463907883,
        "ts_p": 0.0026667600635806193,
        "ts_ci": [
          -0.16166619519999323,
          -0.0353737762454756
        ],
        "sign_flip": false,
        "delta_rho": -0.08292476717485692
      },
      "0.5": {
        "n": 1149,
        "raw_rho": -0.053746630292467866,
        "raw_p": 0.06857984604718512,
        "raw_ci": [
          -0.10892023699930521,
          0.005196810258601482
        ],
        "ts_rho": -0.05019636463493146,
        "ts_p": 0.08899530219992526,
        "ts_ci": [
          -0.1036251073754972,
          0.0021938549298590533
        ],
        "sign_flip": false,
        "delta_rho": 0.003550265657536404
      }
    },
    "hq_pool": {
      "n": 1671,
      "raw_rho": -0.14015815020878167,
      "raw_p": 8.741456966527548e-09,
      "ts_rho": 0.21722773536625326,
      "ts_p": 2.692768763371943e-19
    }
  },
  "Laplacian_qbar": {
    "full_pool": {
      "n": 2820,
      "raw_rho": -0.4462715130456804,
      "raw_p": 4.2073952486309166e-138,
      "raw_ci": [
        -0.476976478807465,
        -0.4116250288087629
      ],
      "ts_rho": 0.6901638296363319,
      "ts_p": 0.0,
      "ts_ci": [
        0.6703692551170176,
        0.7093732340507187
      ],
      "sign_flip": true
    },
    "tau_sweep": {
      "0.4": {
        "n": 2131,
        "raw_rho": -0.22983460361630473,
        "raw_p": 6.071507149606885e-27,
        "raw_ci": [
          -0.27114872564711,
          -0.18407350330804648
        ],
        "ts_rho": 0.5625122769448877,
        "ts_p": 4.1730060723297625e-178,
        "ts_ci": [
          0.531273052018753,
          0.592192288878466
        ],
        "sign_flip": true,
        "delta_rho": 0.7923468805611924
      },
      "0.43": {
        "n": 2173,
        "raw_rho": -0.24661942793105093,
        "raw_p": 1.8062894972310854e-31,
        "raw_ci": [
          -0.28699741062678197,
          -0.203881630028216
        ],
        "ts_rho": 0.5718414130437193,
        "ts_p": 6.087009158587439e-189,
        "ts_ci": [
          0.5401967997847709,
          0.600386500924441
        ],
        "sign_flip": true,
        "delta_rho": 0.8184608409747702
      },
      "0.45": {
        "n": 2197,
        "raw_rho": -0.2545820733129313,
        "raw_p": 7.657604140060205e-34,
        "raw_ci": [
          -0.29773777711165866,
          -0.2122741899933905
        ],
        "ts_rho": 0.5805087456887401,
        "ts_p": 3.84567601116042e-198,
        "ts_ci": [
          0.5504657482478349,
          0.6081048508903307
        ],
        "sign_flip": true,
        "delta_rho": 0.8350908190016715
      },
      "0.48": {
        "n": 2245,
        "raw_rho": -0.27943067079200246,
        "raw_p": 1.5157256723923407e-41,
        "raw_ci": [
          -0.319931232194654,
          -0.23676593920919548
        ],
        "ts_rho": 0.5915515800319092,
        "ts_p": 4.85795805467554e-212,
        "ts_ci": [
          0.5612498212937439,
          0.6186036510305282
        ],
        "sign_flip": true,
        "delta_rho": 0.8709822508239117
      },
      "0.5": {
        "n": 2272,
        "raw_rho": -0.2868406239953633,
        "raw_p": 2.7639134507761563e-44,
        "raw_ci": [
          -0.3273374361217001,
          -0.245158874081936
        ],
        "ts_rho": 0.5989019199988154,
        "ts_p": 2.9741616093214097e-221,
        "ts_ci": [
          0.5702799450728577,
          0.6262436164647237
        ],
        "sign_flip": true,
        "delta_rho": 0.8857425439941786
      }
    },
    "hq_pool": {
      "n": 548,
      "raw_rho": -0.1510735037730304,
      "raw_p": 0.0003869126079525844,
      "ts_rho": 0.08346092406255541,
      "ts_p": 0.050853157022246284
    }
  }
}