{
  "config": {
    "d_model": 64,
    "d_state": 16,
    "n_layers": 2,
    "steps": 8000,
    "lr": 0.001,
    "batch_size": 128,
    "train_lo": 3,
    "train_hi": 40
  },
  "results": [
    {
      "arm": "diag",
      "seed": 0,
      "d_model": 64,
      "d_state": 16,
      "n_layers": 2,
      "steps": 8000,
      "lr": 0.001,
      "in_dist_acc": 0.94427090883255,
      "long_acc_128_256": 0.5793269230769231,
      "bucket_40_64": 0.7738924050632912,
      "bucket_64_128": 0.6588760504201681,
      "bucket_128_256": 0.5793269230769231
    },
    {
      "arm": "delta_neg",
      "seed": 0,
      "d_model": 64,
      "d_state": 16,
      "n_layers": 2,
      "steps": 8000,
      "lr": 0.001,
      "in_dist_acc": 1.0,
      "long_acc_128_256": 0.6974868881118881,
      "bucket_40_64": 0.9994462025316456,
      "bucket_64_128": 0.8796831232492998,
      "bucket_128_256": 0.6974868881118881
    },
    {
      "arm": "delta_pos",
      "seed": 0,
      "d_model": 64,
      "d_state": 16,
      "n_layers": 2,
      "steps": 8000,
      "lr": 0.001,
      "in_dist_acc": 0.9966146349906921,
      "long_acc_128_256": 0.597465034965035,
      "bucket_40_64": 0.8505537974683545,
      "bucket_64_128": 0.6876313025210085,
      "bucket_128_256": 0.597465034965035
    }
  ]
}