{
  "w_scan": [
    {
      "W": 30,
      "seed": 0,
      "mean_ptvr": 0.006332318060897115,
      "mean_jaccard": 0.7340961268206654,
      "mean_lr_viol": 0.5286533319621555
    }
  ]
}