{"arm": "C", "seed": 0, "epoch": 3, "n_epochs": 3, "loss": -0.42262324690818787, "ts": 1782274487.2055883}